symbol,date,open,high,low,close,volume
A,2025-11-05,143.14999389648438,147.49000549316406,142.4600067138672,146.77000427246094,1382935
AAPL,2025-11-05,268.5899963378906,271.70001220703125,266.92999267578125,270.1400146484375,40379287
ABBV,2025-11-05,215.74000549316406,217.42999267578125,212.60000610351562,216.77000427246094,3695383
ABNB,2025-11-05,122.0,124.08999633789062,121.5999984741211,122.5,4442755
ABT,2025-11-05,125.88999938964844,126.70999908447266,123.91999816894531,124.54000091552734,3460848
ACGL,2025-11-05,87.69000244140625,88.5999984741211,87.48500061035156,87.55000305175781,2256050
ACN,2025-11-05,243.3800048828125,248.86500549316406,242.75999450683594,247.82000732421875,3085489
ADBE,2025-11-05,332.6099853515625,336.79998779296875,331.239990234375,335.5299987792969,2511409
ADI,2025-11-05,230.08999633789062,238.47999572753906,230.08999633789062,236.0,2928439
ADM,2025-11-05,58.66999816894531,58.70500183105469,56.130001068115234,56.290000915527344,4773005
ADP,2025-11-05,256.5799865722656,260.7300109863281,256.0400085449219,259.57000732421875,2212761
ADSK,2025-11-05,301.2300109863281,302.44000244140625,299.32000732421875,300.9599914550781,1250653
AEE,2025-11-05,101.86000061035156,102.36000061035156,100.87999725341797,101.27999877929688,1768692
AEP,2025-11-05,120.56999969482422,121.13999938964844,118.1875,119.76000213623047,3665274
AES,2025-11-05,13.479999542236328,14.430000305175781,13.380000114440918,14.220000267028809,13620640
AFL,2025-11-05,110.73999786376953,113.83999633789062,109.15010070800781,111.23999786376953,2955112
AIG,2025-11-05,82.0,82.12999725341797,76.27999877929688,76.31999969482422,6611082
AIZ,2025-11-05,220.6300048828125,225.0,217.8699951171875,218.30999755859375,329529
AJG,2025-11-05,250.88999938964844,253.0,248.0399932861328,248.0500030517578,1673036
AKAM,2025-11-05,72.62999725341797,73.55000305175781,71.66999816894531,72.9800033569336,2959926
ALB,2025-11-05,90.38999938964844,92.8499984741211,89.0999984741211,91.95999908447266,3339512
ALGN,2025-11-05,136.27499389648438,137.5749969482422,133.38999938964844,137.2100067138672,1156113
ALL,2025-11-05,195.83999633789062,197.44500732421875,194.49000549316406,194.75,1321503
ALLE,2025-11-05,165.17999267578125,166.91000366210938,163.9499969482422,165.80999755859375,461044
AMAT,2025-11-05,230.19000244140625,241.91000366210938,230.19000244140625,240.88999938964844,7227600
AMCR,2025-11-05,7.920000076293945,8.125,7.869999885559082,8.069999694824219,46964321
AMD,2025-11-05,243.24000549316406,259.6499938964844,242.80499267578125,256.3299865722656,66879429
AME,2025-11-05,198.02000427246094,199.80999755859375,197.00999450683594,198.05999755859375,864875
AMGN,2025-11-05,302.3599853515625,322.9800109863281,302.1300048828125,319.8599853515625,5321704
AMP,2025-11-05,451.6199951171875,462.4800109863281,449.35009765625,459.07000732421875,592720
AMT,2025-11-05,180.60000610351562,182.02999877929688,178.72000122070312,179.42999267578125,1789998
AMZN,2025-11-05,248.80499267578125,251.0,246.16000366210938,250.1999969482422,37634470
ANET,2025-11-05,142.6699981689453,147.99960327148438,140.11000061035156,140.4199981689453,15816951
AON,2025-11-05,344.2099914550781,346.760009765625,341.70001220703125,341.70001220703125,916449
AOS,2025-11-05,65.1500015258789,66.19000244140625,65.11000061035156,66.02999877929688,983482
APA,2025-11-05,21.950000762939453,22.350000381469727,21.639999389648438,21.65999984741211,8424582
APD,2025-11-05,240.77000427246094,241.47999572753906,235.5500030517578,237.55999755859375,2157907
APH,2025-11-05,136.67999267578125,141.0500030517578,136.5,138.8699951171875,6810068
APO,2025-11-05,131.38999938964844,135.86000061035156,129.8000030517578,133.75,4728601
APP,2025-11-05,609.280029296875,623.780029296875,589.0,617.0499877929688,5407288
APTV,2025-11-05,80.81999969482422,83.79000091552734,80.5,83.61000061035156,2633056
ARE,2025-11-05,54.290000915527344,54.849998474121094,53.08000183105469,54.470001220703125,3105403
ATO,2025-11-05,173.5500030517578,174.3350067138672,171.69500732421875,172.58999633789062,727306
AVB,2025-11-05,176.57000732421875,178.30999755859375,175.30999755859375,177.74000549316406,1018814
AVGO,2025-11-05,351.13751220703125,364.8699035644531,350.09130859375,358.9800109863281,17050826
AVY,2025-11-05,174.30999755859375,176.02999877929688,171.97999572753906,174.52000427246094,614402
AWK,2025-11-05,130.02000427246094,132.52999877929688,129.39999389648438,130.97000122070312,2945240
AXON,2025-11-05,563.8400268554688,657.3563842773438,560.0,639.530029296875,4852108
AXP,2025-11-05,359.69000244140625,367.8150939941406,356.4100036621094,365.79998779296875,2191899
AZO,2025-11-05,3683.8798828125,3749.93994140625,3652.610107421875,3661.81005859375,131008
BA,2025-11-05,197.75,198.5092010498047,195.3300018310547,197.6199951171875,8377841
BAC,2025-11-05,52.959999084472656,53.064998626708984,51.73500061035156,52.45000076293945,47531186
BALL,2025-11-05,47.880001068115234,49.04899978637695,47.064998626708984,48.88999938964844,2666279
BAX,2025-11-05,17.8700008392334,18.079999923706055,17.46500015258789,17.950000762939453,11327552
BBY,2025-11-05,79.45999908447266,82.59500122070312,79.05000305175781,80.87999725341797,2473281
BDX,2025-11-05,177.58999633789062,178.5500030517578,174.14500427246094,176.38999938964844,3854996
BEN,2025-11-05,22.6200008392334,22.8700008392334,22.519800186157227,22.760000228881836,3276631
BF-B,2025-11-05,27.329999923706055,27.56999969482422,27.05500030517578,27.06999969482422,3493282
BG,2025-11-05,92.91999816894531,98.68250274658203,92.91999816894531,95.56999969482422,2093652
BIIB,2025-11-05,148.95120239257812,153.66000366210938,148.89999389648438,153.42999267578125,1724192
BK,2025-11-05,108.18000030517578,109.05999755859375,107.30000305175781,108.69000244140625,2026214
BKNG,2025-11-05,4981.009765625,4988.5048828125,4886.990234375,4911.14990234375,254876
BKR,2025-11-05,46.08000183105469,47.65999984741211,45.81999969482422,47.040000915527344,7305792
BLDR,2025-11-05,109.12000274658203,112.5999984741211,107.84500122070312,111.55999755859375,2445997
BLK,2025-11-05,1058.989990234375,1082.56005859375,1053.6300048828125,1073.5699462890625,398968
BMY,2025-11-05,45.54999923706055,46.625,45.42499923706055,46.470001220703125,11727243
BR,2025-11-05,221.35000610351562,223.48500061035156,217.92999267578125,218.5800018310547,621963
BRK-B,2025-11-05,487.3349914550781,493.8900146484375,487.3349914550781,488.7699890136719,6440998
BRO,2025-11-05,78.80000305175781,79.16449737548828,77.83000183105469,77.83999633789062,2171732
BSX,2025-11-05,98.37999725341797,99.22000122070312,97.7249984741211,98.9000015258789,4806067
BX,2025-11-05,142.89999389648438,144.8000030517578,141.11000061035156,144.32000732421875,3695174
BXP,2025-11-05,69.72000122070312,69.80000305175781,68.02999877929688,69.37000274658203,1240267
C,2025-11-05,101.25,102.2699966430664,99.01200103759766,101.69000244140625,7620668
CAG,2025-11-05,17.079999923706055,17.219999313354492,17.00349998474121,17.09000015258789,7913866
CAH,2025-11-05,196.5,200.13999938964844,194.14999389648438,196.7899932861328,2607601
CARR,2025-11-05,57.15999984741211,57.724998474121094,56.619998931884766,56.849998474121094,4677040
CAT,2025-11-05,551.9400024414062,574.0050048828125,550.35498046875,569.1500244140625,2696506
CB,2025-11-05,285.510009765625,286.57000732421875,282.6499938964844,283.260009765625,992271
CBOE,2025-11-05,251.44000244140625,253.63499450683594,249.19000244140625,251.39999389648438,651296
CBRE,2025-11-05,150.4600067138672,151.2050018310547,146.67999267578125,150.07000732421875,1517046
CCI,2025-11-05,90.0,90.58999633789062,89.27999877929688,89.83000183105469,1968589
CCL,2025-11-05,26.530000686645508,27.280000686645508,26.510000228881836,26.899999618530273,21246347
CDNS,2025-11-05,331.95001220703125,332.55499267578125,324.2799987792969,327.6300048828125,2228404
CDW,2025-11-05,142.2100067138672,146.6750030517578,141.11000061035156,146.32000732421875,2738918
CEG,2025-11-05,364.5,370.9800109863281,357.05999755859375,363.25,3221622
CF,2025-11-05,85.05000305175781,86.9000015258789,84.83999633789062,85.05000305175781,3033376
CFG,2025-11-05,50.650001525878906,51.89500045776367,50.33000183105469,51.439998626708984,2523903
CHD,2025-11-05,86.33000183105469,86.70500183105469,85.93000030517578,86.66999816894531,1447869
CHRW,2025-11-05,152.24000549316406,154.41000366210938,152.14999389648438,153.1300048828125,1173182
CHTR,2025-11-05,222.05999755859375,226.5749969482422,220.25999450683594,225.14999389648438,2154836
CI,2025-11-05,261.4599914550781,266.1499938964844,259.4649963378906,259.5799865722656,3200959
CINF,2025-11-05,157.77000427246094,160.25999450683594,156.89559936523438,160.0399932861328,495185
CL,2025-11-05,76.76000213623047,77.13500213623047,76.01000213623047,76.91000366210938,6403302
CLX,2025-11-05,110.13999938964844,111.94000244140625,108.86000061035156,108.91999816894531,3361815
CMCSA,2025-11-05,27.44499969482422,27.985000610351562,27.389999389648438,27.940000534057617,40246377
CME,2025-11-05,266.5199890136719,271.1000061035156,266.5199890136719,268.0,2232202
CMG,2025-11-05,31.690000534057617,32.290000915527344,31.41900062561035,31.969999313354492,32062607
CMI,2025-11-05,429.1199951171875,441.9999084472656,427.5,439.17999267578125,710991
CMS,2025-11-05,72.95999908447266,73.2300033569336,72.08999633789062,72.56999969482422,2666515
CNC,2025-11-05,35.814998626708984,37.119998931884766,35.817501068115234,36.84000015258789,10290523
CNP,2025-11-05,38.7400016784668,39.0099983215332,38.474998474121094,38.86000061035156,6229327
COF,2025-11-05,220.27999877929688,223.42820739746094,217.55999755859375,221.39999389648438,2537456
COIN,2025-11-05,315.8599853515625,324.1400146484375,310.840087890625,319.29998779296875,8167207
COO,2025-11-05,68.86000061035156,69.98999786376953,68.3499984741211,68.87999725341797,2449839
COP,2025-11-05,87.61000061035156,88.70500183105469,87.55999755859375,87.69999694824219,6379934
COR,2025-11-05,353.75,361.3800048828125,341.989990234375,354.0,2815636
COST,2025-11-05,940.0,945.280029296875,927.4400024414062,935.030029296875,2612002
CPAY,2025-11-05,261.07000732421875,263.2099914550781,256.3800048828125,261.69000244140625,938543
CPB,2025-11-05,29.850000381469727,30.280000686645508,29.81999969482422,30.100000381469727,3358006
CPRT,2025-11-05,42.68000030517578,42.939998626708984,41.83000183105469,41.93000030517578,11289291
CPT,2025-11-05,101.5,102.15499877929688,100.79000091552734,101.81999969482422,1241888
CRL,2025-11-05,163.2899932861328,170.13999938964844,160.00999450683594,167.6999969482422,2610905
CRM,2025-11-05,254.6999969482422,256.8299865722656,252.00999450683594,252.67999267578125,4414577
CRWD,2025-11-05,533.489990234375,535.1699829101562,526.0,534.1400146484375,1549545
CSCO,2025-11-05,72.20500183105469,72.58000183105469,71.3499984741211,72.0999984741211,15965036
CSGP,2025-11-05,69.48200225830078,70.625,69.20999908447266,70.44000244140625,3787413
CSX,2025-11-05,35.72999954223633,35.9900016784668,35.244998931884766,35.31999969482422,13634021
CTAS,2025-11-05,182.72000122070312,186.4199981689453,182.72000122070312,185.80999755859375,1788350
CTRA,2025-11-05,25.799999237060547,26.31999969482422,25.6200008392334,25.75,10680596
CTSH,2025-11-05,72.80999755859375,74.91000366210938,72.73999786376953,74.66000366210938,5449803
CTVA,2025-11-05,64.69999694824219,64.81999969482422,63.0099983215332,63.66999816894531,5411096
CVS,2025-11-05,77.98999786376953,79.26000213623047,77.93000030517578,78.55000305175781,6000116
CVX,2025-11-05,153.52999877929688,154.3813018798828,152.66000366210938,152.66000366210938,5646975
D,2025-11-05,59.5099983215332,60.08000183105469,59.099998474121094,59.689998626708984,6295192
DAL,2025-11-05,56.29999923706055,58.86000061035156,56.025001525878906,58.540000915527344,8297802
DASH,2025-11-05,241.44000244140625,241.50999450683594,234.7899932861328,238.0,7000536
DAY,2025-11-05,68.75,68.80000305175781,68.52999877929688,68.54000091552734,7500075
DD,2025-11-05,38.07500076293945,39.85499954223633,37.95000076293945,39.630001068115234,15435351
DDOG,2025-11-05,157.8000030517578,159.0500030517578,154.69000244140625,154.97999572753906,5197013
DE,2025-11-05,468.0,476.2900085449219,466.4150085449219,473.69000244140625,676141
DECK,2025-11-05,79.4749984741211,82.67780303955078,78.91000366210938,81.80999755859375,4403757
DELL,2025-11-05,152.10000610351562,154.92999267578125,149.14999389648438,152.41000366210938,6747701
DG,2025-11-05,99.73999786376953,100.83499908447266,99.05999755859375,100.61000061035156,2229543
DGX,2025-11-05,177.80999755859375,179.38499450683594,176.85000610351562,178.25999450683594,555283
DHI,2025-11-05,145.1699981689453,146.64999389648438,143.8300018310547,145.27000427246094,2171210
DHR,2025-11-05,212.5800018310547,213.63999938964844,208.92999267578125,212.2100067138672,2374969
DIS,2025-11-05,111.3499984741211,111.95999908447266,110.5999984741211,111.36000061035156,5668588
DLR,2025-11-05,168.67999267578125,168.94000244140625,166.44000244140625,166.52000427246094,1622267
DLTR,2025-11-05,102.1500015258789,105.19000244140625,100.58999633789062,104.91999816894531,3540604
DOC,2025-11-05,17.65999984741211,17.94499969482422,17.576000213623047,17.8700008392334,6210235
DOV,2025-11-05,177.5800018310547,180.39999389648438,177.1999969482422,179.64999389648438,512377
DOW,2025-11-05,22.709999084472656,23.219999313354492,22.6299991607666,22.770000457763672,12989046
DPZ,2025-11-05,406.2799987792969,408.2099914550781,399.25,400.4100036621094,661206
DRI,2025-11-05,180.0500030517578,181.9550018310547,178.9499969482422,180.10000610351562,841521
DTE,2025-11-05,134.02000427246094,134.94000244140625,133.25,134.0,2567785
DUK,2025-11-05,123.79000091552734,124.45999908447266,123.16999816894531,123.7699966430664,2412339
DVA,2025-11-05,119.69000244140625,121.8499984741211,119.24500274658203,121.16000366210938,810582
DVN,2025-11-05,32.5,33.1150016784668,32.290000915527344,32.34000015258789,8415194
DXCM,2025-11-05,60.95000076293945,60.95000076293945,58.34000015258789,59.279998779296875,8964957
EA,2025-11-05,200.52999877929688,200.9600067138672,200.39999389648438,200.74000549316406,1301244
EBAY,2025-11-05,81.68000030517578,82.5999984741211,80.42500305175781,81.01000213623047,3891470
ECL,2025-11-05,259.6099853515625,260.25,255.2050018310547,258.92999267578125,1091138
ED,2025-11-05,98.0,98.62000274658203,95.6500015258789,96.11000061035156,1777133
EFX,2025-11-05,207.77999877929688,210.47999572753906,206.58999633789062,207.3300018310547,1758785
EG,2025-11-05,318.7799987792969,324.3699951171875,318.4425048828125,321.989990234375,448760
EIX,2025-11-05,56.20000076293945,57.18000030517578,56.00310134887695,56.779998779296875,3073218
EL,2025-11-05,91.41000366210938,92.27999877929688,90.47000122070312,91.08999633789062,8576745
ELV,2025-11-05,315.0899963378906,319.0199890136719,312.1300048828125,318.0799865722656,885358
EME,2025-11-05,657.3099975585938,679.2999877929688,658.8200073242188,675.4199829101562,248895
EMN,2025-11-05,60.630001068115234,61.91999816894531,60.13999938964844,61.09000015258789,2783594
EMR,2025-11-05,129.49000549316406,135.3249969482422,128.50999450683594,132.4499969482422,4144005
EOG,2025-11-05,105.05999755859375,106.48999786376953,104.76499938964844,105.19000244140625,3096768
EPAM,2025-11-05,158.52000427246094,161.39999389648438,155.77499389648438,160.91000366210938,1063946
EQIX,2025-11-05,823.0,829.280029296875,810.5800170898438,822.1199951171875,537797
EQR,2025-11-05,59.68000030517578,59.91999816894531,58.79999923706055,59.77000045776367,1808951
EQT,2025-11-05,55.65999984741211,57.099998474121094,55.11000061035156,55.9900016784668,5954944
ERIE,2025-11-05,289.6000061035156,290.875,286.2301025390625,288.1600036621094,117677
ES,2025-11-05,73.98999786376953,74.29000091552734,72.06999969482422,72.91000366210938,2396364
ESS,2025-11-05,257.0,261.510009765625,255.94000244140625,260.3599853515625,433444
ETN,2025-11-05,377.6099853515625,394.1400146484375,376.6600036621094,385.44000244140625,3075374
ETR,2025-11-05,96.26000213623047,97.0999984741211,95.45999908447266,96.27999877929688,1866200
EVRG,2025-11-05,77.05999755859375,77.23999786376953,75.98999786376953,76.7699966430664,4748706
EW,2025-11-05,84.05000305175781,84.54000091552734,82.54000091552734,82.83999633789062,2640143
EXC,2025-11-05,46.540000915527344,46.891998291015625,46.125,46.150001525878906,8867514
EXE,2025-11-05,109.73500061035156,112.44249725341797,108.73999786376953,110.05000305175781,2668487
EXPD,2025-11-05,134.1699981689453,140.7100067138672,133.27000427246094,137.9199981689453,2790761
EXPE,2025-11-05,210.47999572753906,215.55999755859375,208.44000244140625,213.80999755859375,1674034
EXR,2025-11-05,131.97999572753906,133.27000427246094,131.5399932861328,133.00999450683594,924020
F,2025-11-05,12.920000076293945,13.305000305175781,12.880000114440918,13.109999656677246,72230872
FANG,2025-11-05,139.1999969482422,140.82029724121094,137.02999877929688,137.2899932861328,1829688
FAST,2025-11-05,41.209999084472656,41.97999954223633,41.0099983215332,41.68000030517578,5656674
FCX,2025-11-05,39.88999938964844,40.666500091552734,39.62540054321289,40.209999084472656,9536496
FDS,2025-11-05,263.17999267578125,263.6650085449219,259.8299865722656,261.1400146484375,693676
FDX,2025-11-05,251.64999389648438,259.19000244140625,250.25,256.1000061035156,1680950
FE,2025-11-05,46.220001220703125,46.29999923706055,45.560001373291016,45.689998626708984,3383741
FFIV,2025-11-05,242.1199951171875,250.55990600585938,241.9499969482422,246.49000549316406,1233353
FI,2025-11-05,63.7400016784668,64.87000274658203,63.5,64.0,15593638
FICO,2025-11-05,1598.4000244140625,1638.3800048828125,1591.219970703125,1629.199951171875,228917
FIS,2025-11-05,63.720001220703125,65.0,62.45000076293945,64.75,6900826
FITB,2025-11-05,42.099998474121094,42.63999938964844,41.79999923706055,42.5099983215332,5117085
FOX,2025-11-05,58.150001525878906,58.9900016784668,57.81999969482422,58.36000061035156,1672084
FOXA,2025-11-05,64.33999633789062,65.6449966430664,63.61000061035156,64.77999877929688,4571484
FRT,2025-11-05,96.38999938964844,96.5103988647461,95.41999816894531,96.19999694824219,435733
FSLR,2025-11-05,262.3999938964844,281.54998779296875,261.02740478515625,277.3900146484375,3599065
FTNT,2025-11-05,84.7699966430664,86.31099700927734,84.0,85.98999786376953,8425115
FTV,2025-11-05,50.36000061035156,50.939998626708984,50.05500030517578,50.22999954223633,2036708
GD,2025-11-05,342.375,346.5350036621094,341.04998779296875,342.9100036621094,807064
GDDY,2025-11-05,135.22999572753906,135.71400451660156,131.7899932861328,133.10000610351562,1282730
GE,2025-11-05,303.45001220703125,308.5400085449219,302.5,305.1099853515625,3787946
GEHC,2025-11-05,74.20999908447266,76.80999755859375,73.30999755859375,75.61000061035156,3687506
GEN,2025-11-05,25.940000534057617,26.09000015258789,25.594999313354492,25.84000015258789,3701677
GEV,2025-11-05,550.0,567.530029296875,541.2899780273438,559.7000122070312,2395749
GILD,2025-11-05,122.19999694824219,123.7300033569336,121.70999908447266,122.58000183105469,6285191
GIS,2025-11-05,46.33000183105469,46.525001525878906,45.80500030517578,46.38999938964844,4477613
GL,2025-11-05,133.47000122070312,134.5,133.0,133.75,598917
GLW,2025-11-05,85.54000091552734,88.12000274658203,85.52999877929688,87.0999984741211,5911336
GM,2025-11-05,67.04000091552734,69.26000213623047,67.04000091552734,68.7699966430664,7791074
GNRC,2025-11-05,156.52999877929688,161.25999450683594,156.10000610351562,159.17999267578125,896905
GOOG,2025-11-05,279.3800048828125,286.67999267578125,277.8800048828125,284.75,19337633
GOOGL,2025-11-05,278.8949890136719,286.3299865722656,277.3399963378906,284.30999755859375,30163316
GPC,2025-11-05,122.61000061035156,125.27999877929688,122.45999908447266,124.58999633789062,1612642
GPN,2025-11-05,80.5199966430664,80.8499984741211,78.19000244140625,79.19999694824219,2405912
GRMN,2025-11-05,203.63999938964844,205.49000549316406,200.6999969482422,205.47999572753906,1366722
GS,2025-11-05,790.4400024414062,797.3599853515625,775.719970703125,793.0900268554688,1356438
GWW,2025-11-05,955.4099731445312,969.909912109375,957.10498046875,962.3900146484375,211570
HAL,2025-11-05,26.860000610351562,27.424999237060547,26.68000030517578,27.100000381469727,5998886
HAS,2025-11-05,76.05000305175781,77.97000122070312,74.8102035522461,76.87000274658203,2838000
HBAN,2025-11-05,15.300000190734863,15.449999809265137,15.180000305175781,15.289999961853027,26592948
HCA,2025-11-05,471.07000732421875,477.75,465.7699890136719,473.20001220703125,1096948
HD,2025-11-05,382.7900085449219,383.4150085449219,370.5299987792969,373.8399963378906,3988480
HIG,2025-11-05,128.72000122070312,129.98989868164062,128.00999450683594,128.22999572753906,1101618
HII,2025-11-05,313.45001220703125,314.5,305.2749938964844,306.67999267578125,425558
HLT,2025-11-05,259.30999755859375,265.4599914550781,257.0400085449219,264.4599914550781,1696681
HOLX,2025-11-05,74.19999694824219,74.2750015258789,74.04000091552734,74.2300033569336,3672477
HON,2025-11-05,196.17999267578125,199.72630310058594,195.30999755859375,197.0500030517578,4125855
HOOD,2025-11-05,139.63499450683594,144.75,135.50999450683594,142.47999572753906,31053245
HPE,2025-11-05,23.600000381469727,24.030000686645508,23.389999389648438,23.709999084472656,23863630
HPQ,2025-11-05,25.940000534057617,26.709999084472656,25.760000228881836,26.639999389648438,9409477
HRL,2025-11-05,21.540000915527344,21.6299991607666,21.309999465942383,21.549999237060547,4196390
HSIC,2025-11-05,71.33000183105469,72.8949966430664,70.88999938964844,72.01000213623047,2302641
HST,2025-11-05,16.065000534057617,16.46500015258789,16.024999618530273,16.209999084472656,14743575
HSY,2025-11-05,166.13999938964844,170.22000122070312,165.30599975585938,169.8800048828125,2198934
HUBB,2025-11-05,460.3800048828125,473.79998779296875,457.32000732421875,468.05999755859375,447126
HUM,2025-11-05,260.739990234375,265.70001220703125,251.16000366210938,264.94000244140625,3195870
HWM,2025-11-05,203.02999877929688,207.38510131835938,203.3699951171875,206.30999755859375,1040922
IBKR,2025-11-05,71.16999816894531,72.19100189208984,70.05000305175781,71.62000274658203,2694284
IBM,2025-11-05,301.3800048828125,307.19000244140625,299.7099914550781,306.7699890136719,4646436
ICE,2025-11-05,147.50999450683594,149.99000549316406,146.2100067138672,146.2100067138672,3980806
IDXX,2025-11-05,724.3599853515625,728.9498901367188,701.6090087890625,720.2100219726562,590635
IEX,2025-11-05,168.11000061035156,169.6300048828125,166.5,168.27000427246094,387450
IFF,2025-11-05,62.720001220703125,65.87999725341797,62.720001220703125,64.0,3072745
INCY,2025-11-05,101.91000366210938,106.47000122070312,101.5,105.69999694824219,2741071
INTC,2025-11-05,37.415000915527344,38.68980026245117,37.11000061035156,38.380001068115234,74097939
INTU,2025-11-05,659.0050048828125,662.5900268554688,653.719970703125,655.3300170898438,1441237
INVH,2025-11-05,28.760000228881836,28.860000610351562,28.315000534057617,28.3799991607666,2480236
IP,2025-11-05,36.54999923706055,36.65999984741211,35.86000061035156,36.31999969482422,5633033
IPG,2025-11-05,25.239999771118164,25.549999237060547,25.024999618530273,25.200000762939453,3962932
IQV,2025-11-05,209.8000030517578,211.99000549316406,207.18499755859375,210.1199951171875,1494469
IR,2025-11-05,76.93000030517578,79.83499908447266,77.29499816894531,78.4000015258789,3410968
IRM,2025-11-05,103.62999725341797,106.8499984741211,96.91000366210938,100.47000122070312,2509705
ISRG,2025-11-05,537.4299926757812,552.0,536.1500244140625,548.5499877929688,2862233
IT,2025-11-05,228.97000122070312,237.44000244140625,224.9600067138672,237.1199951171875,1095118
ITW,2025-11-05,244.60000610351562,246.44000244140625,243.02999877929688,245.05999755859375,1591127
IVZ,2025-11-05,23.329999923706055,23.545000076293945,23.024999618530273,23.3700008392334,3958148
J,2025-11-05,154.44000244140625,156.89500427246094,154.0,155.99000549316406,606789
JBHT,2025-11-05,171.1699981689453,172.5800018310547,168.35499572753906,170.25,1081747
JBL,2025-11-05,209.9600067138672,219.10000610351562,209.7050018310547,218.14999389648438,695704
JCI,2025-11-05,120.92500305175781,123.05000305175781,118.06999969482422,120.86000061035156,11496359
JKHY,2025-11-05,156.7100067138672,160.49000549316406,153.6649932861328,159.8300018310547,1565052
JNJ,2025-11-05,186.63999938964844,187.8300018310547,185.39999389648438,186.0,4996564
JPM,2025-11-05,309.6099853515625,313.1000061035156,305.6300048828125,311.67999267578125,5371416
K,2025-11-05,83.37999725341797,83.41999816894531,83.12000274658203,83.19999694824219,1665761
KDP,2025-11-05,26.420000076293945,26.809999465942383,26.329999923706055,26.719999313354492,12803648
KEY,2025-11-05,17.31999969482422,17.540000915527344,17.165000915527344,17.520000457763672,18225490
KEYS,2025-11-05,179.67999267578125,187.1199951171875,178.63499450683594,185.85000610351562,1629241
KHC,2025-11-05,24.100000381469727,24.34000015258789,23.975000381469727,24.139999389648438,19609222
KIM,2025-11-05,20.600000381469727,20.600000381469727,20.172300338745117,20.43000030517578,3554085
KKR,2025-11-05,118.38999938964844,120.55000305175781,116.54000091552734,118.88999938964844,2274841
KLAC,2025-11-05,1203.550048828125,1243.1400146484375,1202.43994140625,1227.0999755859375,892510
KMB,2025-11-05,100.62920379638672,101.42990112304688,99.27999877929688,100.05000305175781,12407823
KMI,2025-11-05,25.799999237060547,26.219999313354492,25.659700393676758,25.920000076293945,16194006
KMX,2025-11-05,40.869998931884766,41.38999938964844,40.34000015258789,40.810001373291016,3477167
KO,2025-11-05,68.66000366210938,68.83000183105469,68.17500305175781,68.51000213623047,9113229
KR,2025-11-05,63.77000045776367,64.08570098876953,62.970001220703125,63.150001525878906,5327872
KVUE,2025-11-05,16.010000228881836,16.450000762939453,15.949999809265137,16.229999542236328,51856727
L,2025-11-05,100.86000061035156,101.81500244140625,100.58999633789062,100.86000061035156,433621
LDOS,2025-11-05,199.97999572753906,202.0,194.75,195.07000732421875,1018495
LEN,2025-11-05,121.02999877929688,122.86499786376953,120.44999694824219,121.18000030517578,1919330
LH,2025-11-05,250.9499969482422,253.00999450683594,247.2899932861328,250.69000244140625,685365
LHX,2025-11-05,288.7699890136719,291.900390625,287.0199890136719,287.1000061035156,668157
LII,2025-11-05,488.9599914550781,495.0899963378906,481.07000732421875,489.989990234375,366024
LIN,2025-11-05,416.2900085449219,419.7900085449219,415.0,418.2300109863281,2984931
LKQ,2025-11-05,30.44499969482422,30.8799991607666,30.084999084472656,30.84000015258789,2238135
LLY,2025-11-05,911.0,955.4099731445312,908.22998046875,925.8099975585938,6583958
LMT,2025-11-05,483.0199890136719,485.8450012207031,473.1400146484375,473.1400146484375,1705936
LNT,2025-11-05,66.51000213623047,67.17500305175781,66.4000015258789,66.8499984741211,2571550
LOW,2025-11-05,236.5500030517578,238.1300048828125,231.6199951171875,234.35000610351562,2211328
LRCX,2025-11-05,157.57000732421875,166.9199981689453,157.0,165.0500030517578,11105717
LULU,2025-11-05,161.1999969482422,169.74000549316406,161.10000610351562,167.58999633789062,4645786
LUV,2025-11-05,29.799999237060547,31.649900436401367,29.799999237060547,31.6200008392334,9055729
LVS,2025-11-05,61.310001373291016,63.05500030517578,61.310001373291016,62.540000915527344,4684231
LW,2025-11-05,61.959999084472656,62.939998626708984,61.58000183105469,62.7599983215332,1031507
LYB,2025-11-05,44.540000915527344,45.189998626708984,43.95000076293945,43.970001220703125,5455747
LYV,2025-11-05,143.0,144.8300018310547,134.0399932861328,134.7899932861328,8847816
MA,2025-11-05,553.0,556.3300170898438,549.3660278320312,553.3099975585938,1661500
MAA,2025-11-05,129.72999572753906,129.99000549316406,128.0500030517578,128.5,1082887
MAR,2025-11-05,272.94000244140625,285.6300048828125,272.6636962890625,283.07000732421875,2736120
MAS,2025-11-05,62.13999938964844,64.4749984741211,61.5099983215332,63.40999984741211,3855408
MCD,2025-11-05,299.55499267578125,310.1700134277344,299.5,305.6700134277344,5335936
MCHP,2025-11-05,59.81999969482422,62.14500045776367,59.68330001831055,60.79999923706055,8253409
MCK,2025-11-05,841.6699829101562,863.2550048828125,836.2999877929688,844.260009765625,1019954
MCO,2025-11-05,487.0,489.3399963378906,482.9100036621094,486.4599914550781,532560
MDLZ,2025-11-05,56.189998626708984,56.2599983215332,55.439998626708984,56.02000045776367,12717035
MDT,2025-11-05,89.80000305175781,90.48999786376953,89.36000061035156,90.4000015258789,5596041
MET,2025-11-05,79.61000061035156,80.19999694824219,78.67500305175781,78.68000030517578,3712730
META,2025-11-05,632.260009765625,642.22998046875,626.5374755859375,635.9500122070312,20115648
MGM,2025-11-05,32.13999938964844,32.48500061035156,31.889999389648438,32.0099983215332,3850755
MHK,2025-11-05,110.05000305175781,111.23999786376953,108.6500015258789,110.48999786376953,609478
MKC,2025-11-05,63.900001525878906,65.36000061035156,63.564998626708984,64.55999755859375,2042534
MLM,2025-11-05,621.3499755859375,632.4299926757812,606.5399780273438,610.6099853515625,505315
MMC,2025-11-05,180.92999267578125,182.0850067138672,178.35000610351562,178.39999389648438,2077428
MMM,2025-11-05,160.69000244140625,164.82000732421875,160.13999938964844,164.32000732421875,2656121
MNST,2025-11-05,66.97000122070312,67.95999908447266,66.91999816894531,67.87000274658203,5328182
MO,2025-11-05,57.599998474121094,58.16999816894531,56.8849983215332,57.15999984741211,8404296
MOH,2025-11-05,151.02000427246094,152.9499969482422,147.72500610351562,149.75,1305511
MOS,2025-11-05,27.799999237060547,27.84749984741211,25.799999237060547,26.219999313354492,11947878
MPC,2025-11-05,184.7899932861328,189.60000610351562,184.0399932861328,186.17999267578125,1821075
MPWR,2025-11-05,959.3699951171875,1014.739990234375,957.0650024414062,1000.1500244140625,696504
MRK,2025-11-05,84.02999877929688,85.37999725341797,82.91169738769531,84.38999938964844,9437971
MRNA,2025-11-05,23.915000915527344,24.040000915527344,23.479999542236328,23.559999465942383,10924389
MS,2025-11-05,163.8699951171875,165.9600067138672,161.6300048828125,165.17999267578125,2952650
MSCI,2025-11-05,572.760009765625,579.7999877929688,570.719970703125,571.9299926757812,651943
MSFT,2025-11-05,513.3200073242188,514.8300170898438,506.57501220703125,507.1600036621094,22927843
MSI,2025-11-05,391.0,397.2062072753906,390.69500732421875,394.489990234375,1607028
MTB,2025-11-05,180.8300018310547,184.5399932861328,180.06500244140625,183.35000610351562,662379
MTCH,2025-11-05,31.209999084472656,33.720001220703125,30.8799991607666,33.189998626708984,7789320
MTD,2025-11-05,1389.989990234375,1442.0699462890625,1401.010009765625,1439.72998046875,100280
MU,2025-11-05,225.6649932861328,239.8800048828125,224.72500610351562,237.5,27512023
NCLH,2025-11-05,18.899999618530273,18.940000534057617,18.31999969482422,18.610000610351562,31934198
NDAQ,2025-11-05,85.66000366210938,86.19999694824219,85.37000274658203,85.55999755859375,2339698
NDSN,2025-11-05,230.3699951171875,234.61000061035156,227.94000244140625,233.3000030517578,291058
NEE,2025-11-05,81.41999816894531,82.61900329589844,81.11000061035156,82.13999938964844,5658055
NEM,2025-11-05,80.70999908447266,81.91500091552734,80.48999786376953,81.62999725341797,6705371
NFLX,2025-11-05,1084.93994140625,1100.8199462890625,1073.3701171875,1098.4599609375,3332604
NI,2025-11-05,42.83000183105469,42.904998779296875,42.060001373291016,42.869998931884766,2664921
NKE,2025-11-05,61.279998779296875,62.849998474121094,60.85499954223633,62.11000061035156,19020973
NOC,2025-11-05,572.77001953125,579.407470703125,569.739990234375,570.5,411480
NOW,2025-11-05,891.6699829101562,892.35498046875,872.3699951171875,879.6300048828125,1519640
NRG,2025-11-05,167.6999969482422,175.27000427246094,167.4550018310547,173.19000244140625,2565228
NSC,2025-11-05,283.0299987792969,284.67999267578125,280.760009765625,280.7699890136719,599573
NTAP,2025-11-05,114.37999725341797,116.30500030517578,113.69000244140625,115.69000244140625,1532415
NTRS,2025-11-05,127.37999725341797,129.0449981689453,126.26010131835938,128.19000244140625,790597
NUE,2025-11-05,144.0,146.63499450683594,142.67999267578125,145.25,1464360
NVDA,2025-11-05,198.72000122070312,202.9199981689453,194.86000061035156,195.2100067138672,165618629
NVR,2025-11-05,7143.97021484375,7248.2900390625,7110.5498046875,7181.8701171875,13559
NWS,2025-11-05,29.084999084472656,29.440000534057617,28.959999084472656,29.200000762939453,874568
NWSA,2025-11-05,25.770000457763672,25.889999389648438,25.61199951171875,25.639999389648438,4418797
NXPI,2025-11-05,205.1699981689453,213.08999633789062,205.11000061035156,210.44000244140625,2284363
O,2025-11-05,56.5,56.9900016784668,56.099998474121094,56.119998931884766,6164756
ODFL,2025-11-05,140.47000122070312,143.3699951171875,138.2550048828125,140.77999877929688,2350553
OKE,2025-11-05,64.31999969482422,66.84500122070312,64.13999938964844,66.2699966430664,4196805
OMC,2025-11-05,73.5,74.36499786376953,72.91999816894531,73.4000015258789,1610590
ON,2025-11-05,48.849998474121094,51.18000030517578,48.540000915527344,50.08000183105469,8942513
ORCL,2025-11-05,247.91000366210938,252.39999389648438,247.02999877929688,250.30999755859375,11852533
ORLY,2025-11-05,94.66000366210938,96.37999725341797,94.1072006225586,94.94000244140625,6596631
OTIS,2025-11-05,90.77999877929688,91.92500305175781,90.55500030517578,91.23999786376953,1264174
OXY,2025-11-05,40.08000183105469,40.42499923706055,39.75,39.75,7065454
PANW,2025-11-05,215.1999969482422,215.49009704589844,212.4199981689453,213.17999267578125,4163993
PAYC,2025-11-05,181.27999877929688,186.1999969482422,180.5200958251953,183.7100067138672,1281672
PAYX,2025-11-05,115.13500213623047,116.80999755859375,114.30999755859375,116.5,3978410
PCAR,2025-11-05,97.3499984741211,101.12999725341797,97.18000030517578,100.73999786376953,3716235
PCG,2025-11-05,16.200000762939453,16.479999542236328,16.145000457763672,16.270000457763672,33847383
PEG,2025-11-05,82.26000213623047,82.26000213623047,79.28500366210938,79.86000061035156,3059318
PEP,2025-11-05,142.88999938964844,143.27999877929688,141.5800018310547,142.86000061035156,7013665
PFE,2025-11-05,24.3799991607666,24.670000076293945,24.15999984741211,24.610000610351562,107024955
PFG,2025-11-05,82.04000091552734,82.51000213623047,81.0999984741211,81.16000366210938,1958672
PG,2025-11-05,146.8699951171875,147.40960693359375,145.64999389648438,145.7899932861328,8962913
PGR,2025-11-05,209.60000610351562,211.9550018310547,207.8448944091797,208.94000244140625,3512111
PH,2025-11-05,766.719970703125,779.989990234375,757.5,774.1500244140625,639415
PHM,2025-11-05,119.79000091552734,120.61000061035156,118.55000305175781,119.45999908447266,1502034
PKG,2025-11-05,197.3300018310547,199.60000610351562,196.1699981689453,199.1199951171875,671111
PLD,2025-11-05,124.62000274658203,125.05000305175781,123.56009674072266,123.81999969482422,2548026
PLTR,2025-11-05,189.0749969482422,190.32000732421875,181.35000610351562,187.89999389648438,75620933
PM,2025-11-05,148.19000244140625,150.30999755859375,147.31500244140625,148.39999389648438,5926714
PNC,2025-11-05,183.05999755859375,185.2899932861328,181.50999450683594,184.14999389648438,1800593
PNR,2025-11-05,106.69000244140625,108.4800033569336,105.86000061035156,107.94999694824219,566555
PNW,2025-11-05,89.0,89.2249984741211,87.98999786376953,88.45999908447266,1510824
PODD,2025-11-05,315.2300109863281,319.1400146484375,308.8399963378906,314.44000244140625,837726
POOL,2025-11-05,257.3599853515625,257.3900146484375,250.85000610351562,253.02999877929688,1385555
PPG,2025-11-05,94.5199966430664,96.55000305175781,94.06300354003906,96.25,2029768
PPL,2025-11-05,36.77000045776367,37.0,36.02000045776367,36.369998931884766,4919394
PRU,2025-11-05,105.4000015258789,106.0,104.40499877929688,104.43000030517578,1566491
PSA,2025-11-05,276.3399963378906,279.6000061035156,274.7749938964844,278.9200134277344,622202
PSKY,2025-11-05,14.850000381469727,15.34000015258789,14.829999923706055,15.09000015258789,6103138
PSX,2025-11-05,135.99000549316406,137.92919921875,135.05999755859375,135.92999267578125,1639523
PTC,2025-11-05,192.07000732421875,192.1199951171875,188.6699981689453,189.97000122070312,1293802
PWR,2025-11-05,442.45001220703125,458.95001220703125,442.0,453.45001220703125,984199
PYPL,2025-11-05,66.0199966430664,68.20999908447266,65.9000015258789,68.05999755859375,13269114
QCOM,2025-11-05,174.99000549316406,183.4290008544922,174.32000732421875,179.72000122070312,16756004
RCL,2025-11-05,257.4100036621094,262.8900146484375,256.1099853515625,256.6300048828125,1990831
REG,2025-11-05,69.37999725341797,69.83999633789062,68.72000122070312,69.41999816894531,1618320
REGN,2025-11-05,631.0999755859375,646.8948974609375,628.0001220703125,644.1900024414062,687892
RF,2025-11-05,24.149999618530273,24.5,23.889999389648438,24.3799991607666,22048035
RJF,2025-11-05,158.0399932861328,160.19900512695312,157.58999633789062,159.5500030517578,581814
RL,2025-11-05,307.3699951171875,319.69000244140625,306.54998779296875,316.8999938964844,771570
RMD,2025-11-05,245.3000030517578,246.1024932861328,241.6649932861328,245.22000122070312,1023338
ROK,2025-11-05,356.8699951171875,365.3559875488281,354.10528564453125,362.6000061035156,989877
ROL,2025-11-05,59.90999984741211,60.279998779296875,59.3849983215332,59.66999816894531,1938348
ROP,2025-11-05,446.1300048828125,451.4100036621094,444.3550109863281,445.8299865722656,1075969
ROST,2025-11-05,162.22999572753906,165.05999755859375,161.3300018310547,162.22999572753906,2537398
RSG,2025-11-05,207.77000427246094,208.65570068359375,206.36000061035156,206.42999267578125,828832
RTX,2025-11-05,174.90499877929688,176.6999969482422,173.94000244140625,174.0,3159648
RVTY,2025-11-05,91.30999755859375,93.18000030517578,90.29000091552734,92.56999969482422,610763
SBAC,2025-11-05,196.3699951171875,198.9199981689453,195.47000122070312,195.7899932861328,955744
SBUX,2025-11-05,79.58999633789062,83.11000061035156,79.04000091552734,82.87999725341797,17981027
SCHW,2025-11-05,93.54000091552734,94.06999969482422,92.79499816894531,93.68000030517578,5276069
SHW,2025-11-05,342.20001220703125,344.1000061035156,334.2650146484375,335.7699890136719,1744419
SJM,2025-11-05,103.0,105.41000366210938,102.93000030517578,105.26000213623047,913726
SLB,2025-11-05,36.25,37.029998779296875,35.96500015258789,36.54999923706055,14652537
SMCI,2025-11-05,44.9900016784668,46.34000015258789,42.02000045776367,42.029998779296875,60984169
SNA,2025-11-05,340.1000061035156,344.9999084472656,339.9013977050781,342.75,188972
SNPS,2025-11-05,416.29998779296875,416.9150085449219,402.70001220703125,409.1099853515625,4251819
SO,2025-11-05,91.31999969482422,92.2300033569336,90.5,91.41000366210938,11147469
SOLV,2025-11-05,68.30999755859375,68.38999938964844,67.0999984741211,67.69000244140625,1028901
SPG,2025-11-05,182.86000061035156,184.08999633789062,181.36000061035156,181.39999389648438,1774093
SPGI,2025-11-05,496.5299987792969,500.3699951171875,494.95001220703125,497.1000061035156,1235201
SRE,2025-11-05,93.32499694824219,94.74500274658203,90.83999633789062,92.38999938964844,5800504
STE,2025-11-05,240.50999450683594,244.3000030517578,239.1959991455078,243.17999267578125,886101
STLD,2025-11-05,151.63999938964844,154.84500122070312,150.03199768066406,154.1300048828125,1108643
STT,2025-11-05,116.44000244140625,117.41000366210938,115.24500274658203,116.9000015258789,1597049
STX,2025-11-05,258.2900085449219,283.94000244140625,257.30999755859375,275.7699890136719,9040003
STZ,2025-11-05,128.82000732421875,131.9600067138672,128.49000549316406,130.6199951171875,1743970
SW,2025-11-05,36.439998626708984,36.599998474121094,35.47999954223633,36.04999923706055,4534716
SWK,2025-11-05,65.70999908447266,71.80000305175781,65.66999816894531,69.62000274658203,3795532
SWKS,2025-11-05,73.87000274658203,75.6500015258789,71.38999938964844,73.45999908447266,5603972
SYF,2025-11-05,72.91000366210938,75.08999633789062,71.8499984741211,74.37000274658203,2748859
SYK,2025-11-05,362.5,364.8599853515625,353.4800109863281,357.6700134277344,1678229
SYY,2025-11-05,73.29000091552734,73.4000015258789,72.62000274658203,73.18000030517578,2618729
T,2025-11-05,24.459999084472656,24.725000381469727,24.43000030517578,24.559999465942383,52430660
TAP,2025-11-05,43.459999084472656,45.52000045776367,43.59000015258789,45.18000030517578,3999978
TDG,2025-11-05,1275.56005859375,1299.3800048828125,1261.449951171875,1266.31005859375,257639
TDY,2025-11-05,509.70001220703125,516.489990234375,508.2699890136719,512.6900024414062,277652
TECH,2025-11-05,54.400001525878906,61.119998931884766,54.20000076293945,59.939998626708984,4296051
TEL,2025-11-05,243.27000427246094,250.6699981689453,242.5500030517578,249.0,1552146
TER,2025-11-05,177.0500030517578,188.94000244140625,176.5,187.58999633789062,4129629
TFC,2025-11-05,43.650001525878906,44.46500015258789,43.369998931884766,44.060001373291016,7865929
TGT,2025-11-05,89.83000183105469,93.26000213623047,89.02010345458984,91.94000244140625,6751236
TJX,2025-11-05,141.74000549316406,145.5500030517578,141.36000061035156,143.6999969482422,4986116
TKO,2025-11-05,186.91000366210938,190.23500061035156,185.75999450683594,187.24000549316406,1344139
TMO,2025-11-05,560.3499755859375,570.0599975585938,554.2000122070312,567.6400146484375,1411587
TMUS,2025-11-05,205.6199951171875,207.25999450683594,204.11000061035156,204.74000549316406,3366127
TPL,2025-11-05,907.4500122070312,936.760009765625,907.0800170898438,919.0499877929688,93897
TPR,2025-11-05,106.18000030517578,109.93499755859375,105.29000091552734,109.30999755859375,4143985
TRGP,2025-11-05,156.25999450683594,166.25,156.52999877929688,162.69000244140625,2292434
TRMB,2025-11-05,76.33000183105469,81.5,75.0000991821289,80.56999969482422,2161719
TROW,2025-11-05,101.6500015258789,102.73999786376953,100.80999755859375,102.37999725341797,1615421
TRV,2025-11-05,277.9700012207031,279.5899963378906,276.4800109863281,276.6499938964844,857468
TSCO,2025-11-05,53.209999084472656,54.35499954223633,53.119998931884766,53.91999816894531,5991024
TSLA,2025-11-05,451.9200134277344,466.32989501953125,440.7099914550781,462.07000732421875,84761112
TSN,2025-11-05,52.15999984741211,52.7400016784668,52.029998779296875,52.43000030517578,2080189
TT,2025-11-05,433.79998779296875,440.1199951171875,430.8299865722656,436.1600036621094,821104
TTD,2025-11-05,47.0099983215332,48.29999923706055,47.0099983215332,47.70000076293945,9927709
TTWO,2025-11-05,253.7100067138672,256.2650146484375,249.99000549316406,254.75999450683594,2282801
TXN,2025-11-05,159.4949951171875,165.6199951171875,159.38999938964844,163.57000732421875,9398161
TXT,2025-11-05,79.45999908447266,80.99500274658203,79.27999877929688,80.2699966430664,1265715
TYL,2025-11-05,469.7099914550781,472.5299987792969,452.6300048828125,460.80999755859375,606857
UAL,2025-11-05,92.07589721679688,98.04000091552734,91.48999786376953,96.6500015258789,6709662
UBER,2025-11-05,95.01000213623047,95.44000244140625,92.5199966430664,92.75,20025308
UDR,2025-11-05,34.459999084472656,34.529998779296875,34.0099983215332,34.369998931884766,2180285
UHS,2025-11-05,222.44000244140625,228.0800018310547,221.25,227.9499969482422,650775
ULTA,2025-11-05,516.6099853515625,529.27001953125,513.4400024414062,521.8200073242188,486274
UNH,2025-11-05,326.29998779296875,330.20550537109375,324.2200012207031,327.739990234375,7725300
UNP,2025-11-05,219.75,221.3350067138672,217.27999877929688,217.3800048828125,1796953
UPS,2025-11-05,92.43000030517578,94.02999877929688,91.0999984741211,92.91000366210938,5559050
URI,2025-11-05,850.3699951171875,855.780029296875,840.6799926757812,844.510009765625,399707
USB,2025-11-05,46.43000030517578,47.006099700927734,46.02000045776367,46.7400016784668,3818802
V,2025-11-05,340.1300048828125,342.1099853515625,336.3599853515625,340.0400085449219,3988630
VICI,2025-11-05,30.3799991607666,30.479999542236328,30.065000534057617,30.170000076293945,6884259
VLO,2025-11-05,169.7100067138672,172.69000244140625,168.61500549316406,170.13999938964844,1411132
VLTO,2025-11-05,99.91000366210938,100.29000091552734,99.02999877929688,99.91999816894531,1452198
VMC,2025-11-05,290.6199951171875,295.8999938964844,283.70001220703125,285.1000061035156,1689409
VRSK,2025-11-05,218.42999267578125,222.02679443359375,213.57000732421875,214.0500030517578,1576350
VRSN,2025-11-05,240.57000732421875,245.5800018310547,239.53500366210938,244.02999877929688,1026004
VRTX,2025-11-05,417.70001220703125,427.17999267578125,410.45001220703125,417.0,1400356
VST,2025-11-05,186.25999450683594,192.47500610351562,184.92999267578125,189.38999938964844,3461610
VTR,2025-11-05,74.93000030517578,75.61000061035156,74.4000015258789,74.9800033569336,2358976
VTRS,2025-11-05,10.449999809265137,10.8100004196167,10.40999984741211,10.75,17834017
VZ,2025-11-05,39.33000183105469,39.77000045776367,39.2599983215332,39.689998626708984,19100853
WAB,2025-11-05,204.00999450683594,207.82989501953125,203.0,206.02000427246094,627697
WAT,2025-11-05,366.54998779296875,374.7300109863281,360.7099914550781,371.9700012207031,779059
WBD,2025-11-05,22.549999237060547,23.059999465942383,22.350000381469727,22.760000228881836,45292309
WDAY,2025-11-05,233.6300048828125,236.14990234375,230.7899932861328,232.10000610351562,2019638
WDC,2025-11-05,153.1999969482422,165.38999938964844,152.99000549316406,160.10000610351562,9725489
WEC,2025-11-05,111.98999786376953,112.29000091552734,111.0,111.8499984741211,1475848
WELL,2025-11-05,186.02000427246094,188.1199951171875,185.19000244140625,186.35000610351562,2225721
WFC,2025-11-05,87.37999725341797,88.30000305175781,85.91000366210938,86.94999694824219,12822618
WM,2025-11-05,200.32000732421875,202.1999969482422,200.2700958251953,200.5399932861328,2053330
WMB,2025-11-05,56.52000045776367,58.38999938964844,56.2599983215332,57.540000915527344,7725964
WMT,2025-11-05,101.73999786376953,102.67500305175781,100.8499984741211,101.47000122070312,13342977
WRB,2025-11-05,74.05000305175781,75.06999969482422,73.9800033569336,74.72000122070312,1706851
WSM,2025-11-05,193.05999755859375,201.75,193.2949981689453,198.9600067138672,791302
WST,2025-11-05,285.1400146484375,287.8599853515625,280.3500061035156,283.5400085449219,406975
WTW,2025-11-05,323.0199890136719,326.67999267578125,322.8500061035156,323.05999755859375,709628
WY,2025-11-05,22.579999923706055,22.649999618530273,22.329999923706055,22.479999542236328,6357234
WYNN,2025-11-05,121.66999816894531,126.62999725341797,121.20999908447266,125.19000244140625,1752146
XEL,2025-11-05,80.75,81.78500366210938,80.33999633789062,81.19000244140625,6708156
XOM,2025-11-05,114.08999633789062,115.17500305175781,113.66999816894531,113.68000030517578,8117739
XYL,2025-11-05,149.60000610351562,151.23989868164062,149.11000061035156,150.67999267578125,664945
XYZ,2025-11-05,72.87999725341797,74.64929962158203,72.3499984741211,73.6500015258789,4503717
YUM,2025-11-05,154.27000427246094,154.27000427246094,147.64500427246094,149.38999938964844,2842881
ZBH,2025-11-05,90.66000366210938,93.94000244140625,85.83999633789062,87.55000305175781,9198240
ZBRA,2025-11-05,261.5,268.75,257.510009765625,266.2699890136719,1010797
ZTS,2025-11-05,124.19999694824219,124.45999908447266,119.06999969482422,120.48999786376953,8353315
